{
    "tagName": "Counter",
    "customTagType": "JS",
    "scenarioFile": "functions.js",
    "functionName": "countRepeats",
    "caption": {
        "eng": "Counter"
    },
    "description": {
        "eng": "This block counts times it is called with specific key. The bot plays different audio depend on the counter."
    },
    "hint": {
        "eng": "Counter that says different phrases depends on the counter."
    },
    "parameters": [
        {
            "name": "key",
            "type": "string",
            "required": true,
            "localization": {
                "eng": "Key"
            },
            "description": {
                "eng": "Counter id. Allows to use a few differnt counters for one bot."
            }
        },
        {
            "name": "phrase1",
            "type": "string",
            "required": true,
            "localization": {
                "eng": "Phrase for the first hitting a state"
            },
            "description": {
                "eng": "An array of phrases that should be said when the state is first hit."
            }
        },
        {
            "name": "phrase2",
            "type": "string",
            "required": true,
            "localization": {
                "eng": "Phrase for the second hitting a state"
            },
            "description": {
                "eng": "An array of phrases that should be said when the state is second hit."
            }
        },
        {
            "name": "phrase3",
            "type": "string",
            "required": true,
            "localization": {
                "eng": "Phrase for the third hitting a state"
            },
            "description": {
                "eng": "An array of phrases that should be said when the state is third hit."
            }
        },
        {
            "name": "targetState",
            "type": "state",
            "required": false,
            "localization": {
                "ru": "Стейт для перехода",
                "eng": "State to go"
            },
            "description": {
                "ru": "Бот перейдет в этот стейт при определенном условии повторений.",
                "eng": "The bot will go to this state under a certain condition of repetitions."
            }
        },
        {
            "name": "LOG",
            "type": "string",
            "required": true,
            "localization": {
                "eng": "Phone log"
            },
            "description": {
                "eng": "What is written in the logs when the maximum number of repetitions is reached"
            }
        },
        {
            "name": "limit",
            "type": "integer",
            "required": true,
            "localization": {
                "eng": "Number of retry attempts"
            },
            "description": {
                "eng": "Limit of state attemps, when the limit is exceeded, either hang_up, or transfer to the operator."
            }
        }
    ]
}
