{
    "tagName": "HangUp",
    "customTagType": "JS",
    "scenarioFile": "functions.js",
    "functionName": "hangUp",
    "caption": {
        "eng": "Hang up"
    },
    "description": {
        "eng": "Bot Hang up"
    },
    "hint": {
        "eng": "Bot Hang up"
    },
    "parameters": [
        {
            "name": "LOG",
            "type": "string",
            "required": false,
            "localization": {
                "eng": "Phone log"
            },
            "description": {
                "eng": "What is written in the logs when the maximum number of repetitions is reached"
            }
        }
    ]
}