{
  "project" : {
    "id" : "zb_26253-1000351-yDx",
    "name" : "zb_26253-1000351-yDx",
    "folder" : "/platform"
  },
  "settings" : {
    "language" : "en",
    "spellingCorrection" : false,
    "classificationAlgorithm" : "sts",
    "timezone" : "Europe/Moscow",
    "extendedSettings" : {
      "useShared" : false
    },
    "shared" : false,
    "validation" : {
      "phraseValidationEnabled" : true,
      "answerValidationEnabled" : true,
      "phraseValidationThreshold" : 0.5,
      "answerValidationThreshold" : 0.8
    }
  },
  "intents" : [ {
    "path" : "/no/no_vehicle_reg",
    "enabled" : true,
    "shared" : false,
    "phrases" : [ {
      "text" : " I don't have the registration plate number handy "
    }, {
      "text" : " I can't recall my vehicle registration plate number off the top of my head"
    }, {
      "text" : "I don't have access to my vehicle registration plate details right now"
    }, {
      "text" : " I don't have the registration plate number memorized"
    }, {
      "text" : "no registration plate number at hand, would you like me to find it for you"
    }, {
      "text" : "no registration plate number readily available. Is there an alternative you can assist me with?"
    }, {
      "text" : " I don't have my registration plate number on me. Is there an alternative way I can verify my identity"
    }, {
      "text" : "I don't remember my reg"
    }, {
      "text" : "no reg"
    }, {
      "text" : "I cant remember the red"
    }, {
      "text" : "no red"
    } ],
    "classificationRules" : {
      "refs" : [ ]
    },
    "patterns" : [ "No (red | reg | registration) *", "I ( cannot | can’t | don’t | do not ) ( recall | have | remember ) [my] [the] {(re*|vehicle|plate) number} *" ],
    "priority" : 0
  }, {
    "path" : "/no/no_accident_date",
    "enabled" : true,
    "shared" : false,
    "phrases" : [ {
      "text" : "can't recall the exact date of the accident"
    }, {
      "text" : "the date of the accident slipped my mind"
    }, {
      "text" : " I cannot provide you with the specific date of the accident as I do not remember"
    }, {
      "text" : " unable to recollect the date of the accident at this time"
    }, {
      "text" : "I cannot remember the exact date of the accident"
    }, {
      "text" : "I do not have the date of the accident at my disposal"
    }, {
      "text" : "I dont remember the date"
    }, {
      "text" : "the date of the accident doesn't come to mind "
    }, {
      "text" : " cannot recall the precise date of the accident"
    }, {
      "text" : "unable to retrieve the date of the accident from my memory"
    }, {
      "text" : "I'm sorry, but it seems to have slipped my mind."
    }, {
      "text" : "I can't recall it at the moment."
    }, {
      "text" : "It's not coming to me right now."
    }, {
      "text" : "I'm drawing a blank on that."
    }, {
      "text" : "I'm having a senior moment; the details escape me."
    }, {
      "text" : "I'm afraid I can't remember off the top of my head."
    }, {
      "text" : "It's on the tip of my tongue, but I can't quite remember."
    }, {
      "text" : "I'm having trouble recollecting that information."
    }, {
      "text" : "I don't have that information readily available."
    }, {
      "text" : "I can't seem to remember the specifics."
    }, {
      "text" : "It's slipped my mind"
    }, {
      "text" : "Sorry, but I'm drawing a blank on that one"
    }, {
      "text" : "It's not coming to me right now, like"
    }, {
      "text" : "it's gone clean out of me head"
    }, {
      "text" : "Having a bit of trouble recalling that"
    }, {
      "text" : "it's gone walkabout in me brain"
    }, {
      "text" : "I'm afraid I can't remember off the top of me noggin"
    }, {
      "text" : "It's on the tip of me tongue, but I'm proper struggling"
    } ],
    "classificationRules" : {
      "refs" : [ ]
    },
    "patterns" : [ "* (unable to | cannot | can't | do not | cant) (retrieve | recall | remember | provide ) [the] [exact | precise | specific] date [of] [the] accident [from my memory | at this time | doesn't come to mind | slipped my mind | does not come to mind | doesnt come to mind] [at my disposal] *", "* (unable to | cannot | can't | do not) (retrieve | recall | remember | provide) * date * [of] the accident * [from my memory | at this time | doesn't come to mind | slipped my mind] [at my disposal] *" ],
    "priority" : 0
  }, {
    "path" : "/human",
    "enabled" : true,
    "shared" : false,
    "phrases" : [ {
      "text" : "human handover"
    }, {
      "text" : "transfer to the human"
    }, {
      "text" : "Um, yes, please put me through to a human being."
    }, {
      "text" : "Yes. Can you put me through to a person, please?"
    }, {
      "text" : "can I speak to a human please"
    }, {
      "text" : "I'd like to speak with a real person if possible"
    }, {
      "text" : "I need to speak with a live representative"
    }, {
      "text" : "could you connect me with a human agent please"
    }, {
      "text" : "I'd prefer to be transferred to a person"
    }, {
      "text" : "I'd like to be directed to a human representative please"
    }, {
      "text" : "I need to speak to a member of your team"
    }, {
      "text" : "can you please transfer me to a human assistant"
    }, {
      "text" : "I'd appreciate it if I could speak to a real person"
    } ],
    "classificationRules" : {
      "refs" : [ ]
    },
    "patterns" : [ "* human handover *", "* transfer [me] to (the | a) (human [agent | being | assistant] | operator | manager | specialist | [real] person | live representative) *", "* put me through to a (human [agent | being | assistant] | operator | manager | specialist | [real] person | live representative) *", "* (speak | talk) to a (human [agent | being | assistant] | operator | manager | specialist | [real] person | live representative) *", "* speak with a (human [agent | being | assistant] | operator | manager | specialist | [real] person | live representative) *", "* (speak with | talk to) a live representative *", "* connect me with a (human [agent | being | assistant] | [real] person | live representative) *", "* I'd (prefer | like) to be (transferred to | connected with) a (human [agent | being | assistant] | [real] person | live representative) *", "* I'd (like | prefer) to be directed to a (human [agent | being | assistant] | [real] person | live representative) *", "* I (need | want) to speak to a member of your team *" ],
    "priority" : 0
  }, {
    "path" : "/authority",
    "enabled" : true,
    "shared" : false,
    "phrases" : [ {
      "text" : "chasing authority "
    }, {
      "text" : "authority"
    }, {
      "text" : "authority on the job"
    }, {
      "text" : "check authority on the job"
    }, {
      "text" : "check repair status"
    }, {
      "text" : "check agreement on repair job"
    }, {
      "text" : "check authorization on the job"
    }, {
      "text" : "check authorization on the repair job"
    }, {
      "text" : "update on the repair job"
    }, {
      "text" : "update on the authority"
    }, {
      "text" : "any news on the repair progress of my car"
    }, {
      "text" : "when my car will be ready for pickup"
    }, {
      "text" : " what repairs have been completed so far"
    }, {
      "text" : "What is the next step in the repair procedure for my car"
    }, {
      "text" : "Is there anything else I need to provide or authorize to move forward with the repair?"
    }, {
      "text" : "inform me when my car is ready for collection"
    }, {
      "text" : "Is there any delay in repairing my car"
    }, {
      "text" : "Has the mechanic started working on my car yet"
    }, {
      "text" : "When can I expect to receive my car back"
    }, {
      "text" : "Are any additional repairs or parts needed"
    }, {
      "text" : " Has the repair been completed"
    }, {
      "text" : " provide a breakdown of the repair work done so far"
    }, {
      "text" : "the current status of my car's repairs"
    }, {
      "text" : " Are there any complications or unforeseen issues with the repair"
    }, {
      "text" : "How soon can I pick up my car once it's fixed"
    }, {
      "text" : "update me on any repairs done since my last inquiry"
    }, {
      "text" : "Is the repair still within the estimated timeframe"
    }, {
      "text" : "Is there any particular information I need to know about the repair"
    }, {
      "text" : "provide a timeline for the remaining repair tasks"
    }, {
      "text" : "I dropped off my car for repairs a few days ago"
    }, {
      "text" : "update me on the repair progress of my vehicle"
    }, {
      "text" : "I hope everything is going smoothly with the repairs on my vehicle. Any news?"
    }, {
      "text" : "I left my car with you for repairs and was wondering if there's been any development"
    }, {
      "text" : "Im interested in knowing how my car's repairs are progressing"
    }, {
      "text" : " I left my car at your repair shop @duckling.number days ago"
    }, {
      "text" : "how my car's repairs are going"
    }, {
      "text" : "before any work is done i want to ensure that the repair job has been properly authorized"
    }, {
      "text" : "i want to double-check the authorization status for the car repair job"
    }, {
      "text" : "is it possible to confirm if the repair work on my vehicle has been authorized"
    }, {
      "text" : "i need to check if the car repair job has received the necessary authorization"
    }, {
      "text" : "before proceeding with the repairs i want to make sure i have the authorization in place"
    }, {
      "text" : "could you please confirm if the repair work on my car has been approved"
    }, {
      "text" : "i'd like to verify if the car repair job has been authorized"
    }, {
      "text" : "before proceeding i need to ensure that the car repair has been officially authorized"
    }, {
      "text" : "i'd like to inquire about the current status of the authorization for the repair work on my car"
    }, {
      "text" : "could you please provide me with information on the authorization status of the car repair job"
    }, {
      "text" : "Yes, I would like to know the status repair status"
    } ],
    "classificationRules" : {
      "refs" : [ ]
    },
    "patterns" : [ "* to know their (maintenance / fix* / upkeep / overhaul / restoration / renewal / mending / amends / rehabilitation / refurbishment / renovation / repair*) status of my vehicle *", "* (chas* | check* | update on | information on) [the] authority *", "authority [on the job]", "* check* (agreement on repair job | repair status | authorization on the [repair] job) *", "* update on (the repair job | the authority | the repair status) *", "* repair progress [(on / of) my (car | auto* | vehicle | transport)] *", "* when * ready for pickup *", "* (car | transport | auto* | vehicle) * ready *", "* when * pickup my (car | transport | auto* | vehicle) *", "* (maintenance / fix* / upkeep / overhaul / restoration / renewal / mending / amends / rehabilitation / refurbishment / renovation / repair*) * (carried out / done / finished / completed) *", "* (maintenance / fix* / upkeep / overhaul / restoration / renewal / mending / amends / rehabilitation / refurbishment / renovation / repair*) procedure *", "* any delay in (maintenance / fix* / upkeep / overhaul / restoration / renewal / mending / amends / rehabilitation / refurbishment / renovation / repair*) *", "* when * receive my (car | auto* | vehicle | transport) *", "* (maintenance / fix* / upkeep / overhaul / restoration / renewal / mending / amends / rehabilitation / refurbishment / renovation / repair*) * (carried out / done / finished / completed) *", "* breakdown of the [repair] work done *", "* current status of * (maintenance / fix* / upkeep / overhaul / restoration / renewal / mending / amends / rehabilitation / refurbishment / renovation / repair*) *", "* any (complications | issues | troubles | problems)  with the (maintenance / fix* / upkeep / overhaul / restoration / renewal / mending / amends / rehabilitation / refurbishment / renovation / repair*) *", "* when * fixed *", "* (when | how soon ) can I (pick up | collect) my (car | transport | vehicle | auto*) *", "* update me on any (maintenance / fix* / upkeep / overhaul / restoration / renewal / mending / amends / rehabilitation / refurbishment / renovation / repair*) done since *", "* is the (maintenance / fix* / upkeep / overhaul / restoration / renewal / mending / amends / rehabilitation / refurbishment / renovation / repair*) * within the estimated timeframe *", "* timeline for the * (maintenance / fix* / upkeep / overhaul / restoration / renewal / mending / amends / rehabilitation / refurbishment / renovation / repair*) *", "* dropped off my (car | vehicle | transport | auto*) for (maintenance / fix* / upkeep / overhaul / restoration / renewal / mending / amends / rehabilitation / refurbishment / renovation / repair*) *", "* update me on the (maintenance / fix* / upkeep / overhaul / restoration / renewal / mending / amends / rehabilitation / refurbishment / renovation / repair*) progress of my (vehicle | car | transport | auto*) *", "*  (maintenance / fix* / upkeep / overhaul / restoration / renewal / mending / amends / rehabilitation / refurbishment / renovation / repair*) * on my (vehicle | car | auto* | transport) * any news", "* left my (car | transport | auto* | vehicle) with you for (maintenance / fix* / upkeep / overhaul / restoration / renewal / mending / amends / rehabilitation / refurbishment / renovation / repair*) *", "* how my (car's | auto*'s | vehicle's | transport's)  (maintenance / fix* / upkeep / overhaul / restoration / renewal / mending / amends / rehabilitation / refurbishment / renovation / repair*) (is / are) progressing *", "* how * (maintenance / fix* / upkeep / overhaul / restoration / renewal / mending / amends / rehabilitation / refurbishment / renovation / repair*) * (is / are) going *", "* repair job * authorized *", "* double-check the authorization status *", "* the repair (job* | work* | treatment* | effort* | front) on my (vehicle | car | transport | auto*) [has] been authorized *", "* the (car | vehicle | transport | auto*) repair job [has] received the necessary authorization *", "* have the authorization in place *", "* the repair (job* | work* | treatment* | effort* | front) on my (car | vehicle | transport | auto*) [has] been approved *", "* the (car | transport | auto* | vehicle) repair (job* | work* | treatment* | \neffort* | front) [has] been authorized *", "* the (car | transport | vehicle | auto*) repair [has] been [officially] authorized *", "* the current status of the authorization for the repair (job* | work* | treatment* | \neffort* | front) on my (car | vehicle | transport | auto*) *", "* information on the authorization status of the (car | vehicle | transport | auto*) repair (job* | work* | treatment* | \neffort* | front) *", "* my repair status *", "* (maintenance / fix* / upkeep / overhaul / restoration / renewal / mending / amends / rehabilitation / refurbishment / renovation / repair) status I'd like to know", "* (maintenance / fix* / upkeep / overhaul / restoration / renewal / mending / amends / rehabilitation / refurbishment / renovation / repair) [status]  *", "* what about (the / my) (maintenance / repair / fix* / upkeep / overhaul / restoration / renewal / mending / amends / rehabilitation / refurbishment / renovation) *", "* (if / whether) [the / my] repair [is / has / had] (been / was) [already] (done / completed / carried out / finished) *", "* the (maintenance / fix* / upkeep / overhaul / restoration / renewal / mending / amends / rehabilitation / refurbishment / renovation) of my car * ", "* my car's (maintenance / fix* / upkeep / overhaul / restoration / renewal / mending / amends / rehabilitation / refurbishment / renovation) * ", "* has the (auto* / venicle / car) (undergone / been through / received / got) any (maintenance / fix* / upkeep / overhaul / restoration / renewal / mending / amends / rehabilitation / refurbishment / renovation / repair* [treatment* / effort* / work / front]) * ", "* (has / have / was / were) there [been] any (maintenance / fix* / upkeep / overhaul / restoration / renewal / mending / amends / rehabilitation / refurbishment / renovation / repair) procedures (done / undertaken / carried out / finished / completed) on (my / the) (vehicle / car / auto*)", "* (my / the) (car / vehicle / transport / auto*) (was / has been) (maintaned / fix* / upkeep* / overhaul* / restored / renewal* / mended  / refurbish* / renovated / repaired) * " ],
    "priority" : 0
  }, {
    "path" : "/yes",
    "enabled" : true,
    "shared" : false,
    "phrases" : [ {
      "text" : "yeah"
    }, {
      "text" : "yes"
    }, {
      "text" : "that is right"
    }, {
      "text" : "right"
    }, {
      "text" : "ya"
    }, {
      "text" : "correct"
    }, {
      "text" : "positive"
    }, {
      "text" : "affirmative"
    }, {
      "text" : "definitely"
    }, {
      "text" : "of course"
    }, {
      "text" : "certainly"
    }, {
      "text" : "sure"
    }, {
      "text" : "okay"
    }, {
      "text" : "indeed"
    }, {
      "text" : "Of course, yes"
    }, {
      "text" : "Without a doubt"
    }, {
      "text" : "Without question"
    }, {
      "text" : "Without hesitation"
    }, {
      "text" : "by all means"
    }, {
      "text" : "most certainly"
    }, {
      "text" : "sure thing"
    }, {
      "text" : "I agree"
    }, {
      "text" : "aye"
    }, {
      "text" : "positively"
    }, {
      "text" : "absolutely"
    }, {
      "text" : "you're right"
    }, {
      "text" : "i agree"
    }, {
      "text" : "that's correct"
    }, {
      "text" : "no doubt"
    }, {
      "text" : "i'm in favor of that"
    }, {
      "text" : "that's true"
    }, {
      "text" : "yep"
    }, {
      "text" : "Um, yeah, that sounds about right."
    }, {
      "text" : "Uh, yes, that's right."
    } ],
    "classificationRules" : {
      "refs" : [ ]
    },
    "patterns" : [ "ye* (you're / you are / that is / it's / it is / that's) [absolutely / obviously / surely / sounds [about]] (correct / right)", "(yes / yep / yeah / ye / yez / ya / aye)", " (you're / you are / that is / it's / it is / that's) (right / true / a sure thing)", "i'm in (accordance / favor) (with / of) that", "(i / I) (confirm / agree)", "(absolutely / positively) [correct / true]", "(no / without any / beyound [a]) (hesitation / doubt)", "most certainly ", "by all means", "without (a / any) question", "{ye* of course}", "(doubtless / undoubtedly / indubitably / doubtlessly / beyond the shadow of a doubt / unquestionably / beyond question / indisputably / undeniably / incontrovertibly / irrefutably / unequivocally / clearly / plainly / obviously / patently / positively / absolutely / certainly / decidedly / definitely / surely / assuredly / of course)", "(indeed / to be sure / a sure way / for sure / exactly)", "ok*", "* (yes / yeah / okay / sure / that's (right / correct))" ],
    "priority" : 0
  }, {
    "path" : "/no",
    "enabled" : true,
    "shared" : false,
    "phrases" : [ {
      "text" : "no"
    }, {
      "text" : "there is a mistake "
    }, {
      "text" : "mistake"
    }, {
      "text" : "wrong"
    }, {
      "text" : "incorrect "
    }, {
      "text" : "inaccurate"
    }, {
      "text" : "mistaken"
    }, {
      "text" : "there is an error"
    }, {
      "text" : "there is a flaw"
    }, {
      "text" : "no no no"
    }, {
      "text" : "I cant"
    }, {
      "text" : "I cannot"
    }, {
      "text" : "I dont think so"
    }, {
      "text" : "I doubt so"
    }, {
      "text" : "I cant say for sure"
    }, {
      "text" : "probably not "
    }, {
      "text" : "probably this is not the case"
    }, {
      "text" : "no need"
    }, {
      "text" : "no trouble "
    }, {
      "text" : "I dont really want"
    }, {
      "text" : "no use for me"
    }, {
      "text" : "no its not"
    }, {
      "text" : "no it iznt"
    }, {
      "text" : "nay"
    }, {
      "text" : "nope"
    }, {
      "text" : "not really"
    }, {
      "text" : "negative"
    }, {
      "text" : "absolutely not"
    }, {
      "text" : "nuh"
    }, {
      "text" : "i don't think so"
    }, {
      "text" : "that's incorrect"
    }, {
      "text" : "i disagree"
    }, {
      "text" : "i'm afraid not"
    }, {
      "text" : "i beg to differ"
    }, {
      "text" : "that's not true"
    }, {
      "text" : "i see things differently"
    }, {
      "text" : "on the contrary"
    }, {
      "text" : "that's not the case"
    }, {
      "text" : "no"
    }, {
      "text" : "that's fine for now"
    }, {
      "text" : "thank you"
    }, {
      "text" : "Um, no. That's fine for now. Thank you."
    } ],
    "classificationRules" : {
      "refs" : [ ]
    },
    "patterns" : [ "( I’m | Im | I am ) not [so] ( sure | convinced | buying | having | keen on ) [about] [that] *", "* ( certainly | absolutely | definitely | totally | surely ) not *", "( I’m | Im | I am ) not [so] ( sure | convinced | buying | having | keen on ) [about] [that] *", "( that’s | that is ) [not] ( true | incorrect ) *", "I ( do not | don’t ) ( believe | think | agree ) [so] *", "* no thank you *", "[um] no (that's fine / that'll do / that's okay) [for now] thank* [you]" ],
    "priority" : 0
  }, {
    "path" : "/reportStatus",
    "enabled" : true,
    "shared" : false,
    "phrases" : [ {
      "text" : "report status"
    }, {
      "text" : "chasing an update on the report status"
    }, {
      "text" : "update on report status"
    }, {
      "text" : "to know report status"
    }, {
      "text" : "status of my report"
    }, {
      "text" : "update on the report"
    }, {
      "text" : "what with the report"
    }, {
      "text" : "update on my application"
    }, {
      "text" : "status of my application"
    }, {
      "text" : "looking for an update on the case"
    }, {
      "text" : "would like to check the current status of my car's report "
    }, {
      "text" : "Has the report on my car been completed?"
    }, {
      "text" : "if there's any update on my car's report"
    }, {
      "text" : "know the report status of my car"
    }, {
      "text" : "provide an update on my car's report"
    }, {
      "text" : " the current status of my car's report"
    }, {
      "text" : " the current stage of my car  report "
    }, {
      "text" : "infrom me on the progress of my car report"
    }, {
      "text" : " how my car  report is coming along"
    }, {
      "text" : "what with the report status"
    }, {
      "text" : " if there have been any updates on my  request"
    }, {
      "text" : " I'm calling regarding the report I filed"
    }, {
      "text" : "I wanted to follow up on the report I submitted "
    }, {
      "text" : "it's been a while since I submitted my  report"
    }, {
      "text" : "i wanted to check if there's any update on the status of the report"
    }, {
      "text" : "could you please provide me with an update on the progress of my report"
    }, {
      "text" : "i'm following up to see if there are any updates regarding the status of the report"
    }, {
      "text" : "i'm just wondering if there have been any developments or updates on my report"
    }, {
      "text" : "is there any news or information available regarding the current report status"
    }, {
      "text" : "i'd like to inquire about the latest update on my report any information available"
    }, {
      "text" : "has there been any progress made on the report i'm eager for an update"
    }, {
      "text" : "i'm checking in to see if there have been any recent updates on the report status"
    }, {
      "text" : "could you kindly provide me with any updates or information on the status of the report"
    }, {
      "text" : "i'm interested in knowing if there have been any changes or updates concerning my report"
    }, {
      "text" : "want airport status"
    } ],
    "classificationRules" : {
      "refs" : [ ]
    },
    "patterns" : [ "* (airport / report) status * ", "* status of my report * ", "* what with the report *", "* (status of / update on) my application * ", "* any changes or updates (regarding / concerning) my report *", "* any (modifications / alterations / revisions / amendments / adjustments / tweaks / editions / variations / refinements / adaptations / enhancements / developments / amendments / modifications / transformations / edits / revisions / alterations / adjustments /  shifts / improvements) [or *] (concerning / regarding / with regard to / in view of / speaking (of / about) / talking (of / about)) (my / the / this) (application / report) *" ],
    "priority" : 0
  }, {
    "path" : "/noQuestionsLeft",
    "enabled" : true,
    "shared" : false,
    "phrases" : [ {
      "text" : "no questions left"
    }, {
      "text" : "nothing"
    }, {
      "text" : "no thank you"
    }, {
      "text" : "bye"
    }, {
      "text" : "thank you"
    }, {
      "text" : "no further questions"
    }, {
      "text" : "no issues left"
    }, {
      "text" : "no questions remain"
    }, {
      "text" : "no problems left"
    }, {
      "text" : "everything is clear thank you"
    }, {
      "text" : "do nothing"
    }, {
      "text" : " No, I'm good."
    }, {
      "text" : "No, thank you. I'm all set."
    }, {
      "text" : "I appreciate it, but I'm good for now."
    }, {
      "text" : "No, I think you've already helped me with everything I needed."
    }, {
      "text" : "Thank you, but I think I've covered everything."
    }, {
      "text" : "I don't need any more assistance."
    }, {
      "text" : "I've got everything I need for now."
    }, {
      "text" : "There's nothing else I require at the moment."
    }, {
      "text" : "I don't think there's anything else you can help me with."
    }, {
      "text" : "I'm done, thanks."
    }, {
      "text" : "I'm not looking for anything else."
    }, {
      "text" : "I don't have any other questions or requests."
    }, {
      "text" : "No, I don't need any further help."
    }, {
      "text" : "I don't see anything else I need assistance with."
    }, {
      "text" : "I'm content with what I've received so far."
    }, {
      "text" : "I don't require any additional support."
    }, {
      "text" : "I think I've covered everything I wanted to ask."
    }, {
      "text" : "No more help is necessary, thank you."
    }, {
      "text" : "I've exhausted all my queries, thanks."
    }, {
      "text" : "I don't need you to assist me any further."
    }, {
      "text" : "I haven't thought of anything else I need assistance with."
    }, {
      "text" : "I believe I've reached the end of my inquiries."
    }, {
      "text" : "i think that covers all the questions i had thank you"
    }, {
      "text" : "i don't have any more questions at the moment thank you for your assistance"
    }, {
      "text" : "that's all the questions i had i appreciate your help"
    }, {
      "text" : "i've run out of questions for now thank you for your time"
    }, {
      "text" : "i believe i have addressed all my inquiries thank you for your support"
    }, {
      "text" : "i don't have any further questions at the moment thank you for your guidance"
    }, {
      "text" : "i'm all set when it comes to questions thanks for your answers"
    }, {
      "text" : "i can't think of anything else to ask right now thanks for your responses"
    }, {
      "text" : "that wraps up my questions i'm grateful for your help"
    }, {
      "text" : "i've reached the end of my inquiries thank you for your valuable input"
    }, {
      "text" : "Um, no. That's fine for now. Thank you."
    }, {
      "text" : "Thanks, but I've got it sorted."
    }, {
      "text" : "No further assistance required."
    }, {
      "text" : "Everything's crystal clear, thanks."
    }, {
      "text" : "No remaining questions."
    }, {
      "text" : "Thanks a bunch."
    }, {
      "text" : "Farewell."
    }, {
      "text" : "All is well, thank you."
    }, {
      "text" : "No more inquiries."
    }, {
      "text" : "Thanks a million."
    }, {
      "text" : "I'm good, thank you."
    }, {
      "text" : "Nothing more, thanks."
    }, {
      "text" : "All squared away."
    }, {
      "text" : "I'm covered, thanks."
    }, {
      "text" : "No further queries."
    } ],
    "classificationRules" : {
      "refs" : [ ]
    },
    "patterns" : [ "* I ( do not | don’t | cannot | can’t ) ( think | have | need | require | see ) [of | there is | there’s ] any* [else | more] * ( to ask | questions | assistance | support | help | * ) *", "[No] ( I am | I’m ) [all] * ( set | covered | content | done | good ) *", "( I have | I’ve ) ( got | reached | run out of | exhausted | understood | found ) * [all] [my] [questions | queries | inquiries | all] *", "No * [more | further] (assistance | queries | questions | issues | help | inquiries | problems) [required | left] *" ],
    "priority" : 0
  }, {
    "path" : "/resendInstructions",
    "enabled" : true,
    "shared" : false,
    "phrases" : [ {
      "text" : "resend instructions"
    }, {
      "text" : "send instructions again"
    }, {
      "text" : "send instructions"
    }, {
      "text" : "forward instruction"
    }, {
      "text" : "transmit guidelines again"
    }, {
      "text" : "transmit guidelines anew"
    }, {
      "text" : "send instructions afesh"
    }, {
      "text" : "resubmit guidance"
    }, {
      "text" : "resend guidelines "
    }, {
      "text" : "send documentation for the second time"
    }, {
      "text" : "I would greatly appreciate it if you could resend the report file"
    }, {
      "text" : "send me the instructions on how to fill and post the report file again"
    }, {
      "text" : " I would be grateful if you could resend the instructions for filling and posting the report file"
    }, {
      "text" : "help me by resending the instructions on how to complete and submit the report file"
    }, {
      "text" : "provide me with a detailed set of instructions for completing and submitting the report file"
    }, {
      "text" : "resend the instructions for filling out and posting the report file"
    }, {
      "text" : "resend them"
    }, {
      "text" : " assist me by resending the guidelines for filling and submitting the report file"
    }, {
      "text" : "assistance in resending the guidelines for completing and forwarding the report file"
    }, {
      "text" : " could send me another copy of the instructions regarding the completion and submission of my report file"
    }, {
      "text" : "resend it to me to review"
    }, {
      "text" : "resend them for my reference"
    }, {
      "text" : "I request a resend of the instruction email explaining the process of filling and posting the report file please"
    }, {
      "text" : "could you please resend the instructions once again"
    }, {
      "text" : "could you please resend the guidelines once again"
    }, {
      "text" : "could you please resend the documentation once again"
    }, {
      "text" : "could you kindly send me the instructions one more time"
    }, {
      "text" : "could you kindly send me the guidelines one more time"
    }, {
      "text" : "could you kindly send me the documentation one more time"
    }, {
      "text" : "would it be possible for you to resend the instructions"
    }, {
      "text" : "would it be possible for you to resend the guidelines"
    }, {
      "text" : "would it be possible for you to resend the documentation"
    }, {
      "text" : "would you mind sending me the instructions once more"
    }, {
      "text" : "would you mind sending me the guidelines once more"
    }, {
      "text" : "would you mind sending me the documentation once more"
    }, {
      "text" : "i need the instructions again could you please resend them"
    }, {
      "text" : "i need the guidelines again could you please resend them"
    }, {
      "text" : "i need the documentation again could you please resend it"
    }, {
      "text" : "can you please resend the instructions"
    }, {
      "text" : "can you please resend the guidelines"
    }, {
      "text" : "can you please resend the documentation"
    }, {
      "text" : "could you please reissue the instructions"
    }, {
      "text" : "could you please reissue the guidelines"
    }, {
      "text" : "could you please reissue the documentation"
    }, {
      "text" : "i'm unable to find the previous instructions can you please provide them to me once more"
    }, {
      "text" : "i'm unable to find the previous guidelines can you please provide them to me once more"
    }, {
      "text" : "i'm unable to find the previous documentation can you please provide it to me once more"
    }, {
      "text" : "i would greatly appreciate it if you could resend the instructions for me to review again"
    }, {
      "text" : "i would greatly appreciate it if you could resend the guidelines for me to review again"
    }, {
      "text" : "i would greatly appreciate it if you could resend the documentation for me to review again"
    }, {
      "text" : "i'm in need of the instructions again could you kindly resend them to me please"
    }, {
      "text" : "i'm in need of the guidelines again could you kindly resend them to me please"
    }, {
      "text" : "i'm in need of the documentation again could you kindly resend it to me please"
    } ],
    "classificationRules" : {
      "refs" : [ ]
    },
    "patterns" : [ "(I need / I'm in need of) [the / a*] (instruction* / documentation* / guideline*) ", "* [brand] new (instruction* / documentation* / guideline*) *", "* (transmit / *submit / reissue / forward / *send) [the /a*] (instruction* / documentation* / guideline*) * [[over / once] again / once more / a @duckling.number time / another time / afresh / anew] *", "* (transmit / *submit / reissue / forward / *send) [the /a*] (instruction* / documentation* / guideline*) for (submitting / filling and posting) my report file to my (gmail / Gmail / Email / email) [adress] * ", "* [the / a*] (instruction* / documentation* / guideline*) [for (submitting / filling and posting) my report file] [be / were / was / [ha*] been] (transmitted / resubmitted / reissued / forwarded / *sent) to (my (gmail / Gmail) [adress] / me)  * ", "* (transmit / *submit / reissue / forward / *send) [the /a*] (instruction* / documentation* / guideline*) (to / for) me [to review] [[over / once] again / once more / a @duckling.number time / another time / afresh / anew] *" ],
    "priority" : 0
  }, {
    "path" : "/createTicket",
    "enabled" : true,
    "shared" : false,
    "phrases" : [ {
      "text" : "create a ticket"
    }, {
      "text" : "create a request"
    }, {
      "text" : "send a request to technical support"
    }, {
      "text" : "submit a query to the technical support"
    }, {
      "text" : "convey a requisition tothe technical support"
    }, {
      "text" : "send an application to the technical support"
    }, {
      "text" : "transfer an appeal to the technical support staff"
    }, {
      "text" : "convey a plea to the technical assistance team"
    }, {
      "text" : "dispatch a message to the technical support department"
    }, {
      "text" : "deliver a solicitation to the technical support team"
    }, {
      "text" : "transmit an inquiry to the technical support group"
    }, {
      "text" : "dispatch a communication to the technical support staff"
    }, {
      "text" : "forward a request to the technical assistance department"
    }, {
      "text" : "submit a query to the technical support team"
    }, {
      "text" : "lets contact technical support team "
    }, {
      "text" : "please direct me to the technical support"
    }, {
      "text" : "lemme talk to the technical team "
    }, {
      "text" : " I am in need of technical assistance"
    }, {
      "text" : "I wouldnt mind if your technical speciaists would contact me "
    }, {
      "text" : "I kindly request you to reach out to the technical support department"
    }, {
      "text" : "please inform the technical support department about the issue"
    }, {
      "text" : "generate a ticket for them"
    }, {
      "text" : " send them a request for help"
    }, {
      "text" : "create a request for technical support to assist me"
    }, {
      "text" : "raise a ticket with the technical support department for me"
    }, {
      "text" : " initiate a request on my behalf"
    }, {
      "text" : "create a support ticket for me"
    }, {
      "text" : "send a request to the technical support department to investigate the issue"
    }, {
      "text" : "inform the technical support team about the situation"
    }, {
      "text" : "reach out to technical support so they can help me"
    }, {
      "text" : "escalate my issue to the technical support team for further assistance"
    }, {
      "text" : "initiate a request to the technical support team regarding my missing report file"
    }, {
      "text" : "i would like to open a ticket and reach out to the technical support department"
    }, {
      "text" : "could you assist me in generating a ticket for technical support"
    }, {
      "text" : "i need to create a ticket with the technical support team please"
    }, {
      "text" : "is it possible to help me initiate a ticket for technical support"
    }, {
      "text" : "i would like to file a ticket with the technical support team"
    }, {
      "text" : "can you guide me on how to create a ticket for technical support"
    }, {
      "text" : "i require help from technical support so i would like to create a ticket to address my concern"
    }, {
      "text" : "i'd appreciate it if you could assist me in opening a ticket for technical support"
    }, {
      "text" : "before proceeding i need to raise a ticket with the technical support team"
    }, {
      "text" : "can you provide me with instructions on how to create a ticket for the technical support department"
    }, {
      "text" : "create a support request"
    }, {
      "text" : "show can I create a support ticket?"
    } ],
    "classificationRules" : {
      "refs" : [ ]
    },
    "patterns" : [ "* create a (ticket | request) *", "* (send | submit) a (query | request) to [the] technical support *", "* convey a requisition to [the] technical support *", "* send an application to [the] technical support *", "* transfer an appeal to the technical support *", "* convey a plea to the technical (assistance | support) [team | staff | department] *", "* dispatch a message to the technical support (department | team | staff) *", "* deliver a solicitation to the technical support (team | department) *", "* transmit an inquiry to the technical support (group | team | department | staff) *", "* dispatch a communication to the technical support (staff | department | team) *", "* forward a request to the technical (assistance | support) (department | group | staff | team) *", "* submit a query to the technical support (team | staff | department | group) *", "* contact technical support [team | department | group] *", "* direct me to the technical support *", "* talk to the technical support *", "* in need of technical assistance *", "* technical speciaists [would] contact me *", "* reach out to the technical support [department | staff | team | group] *", "* inform the technical (support | assistance) (department | group | team | staff) about *", "* generate a ticket for them *", "*  send them a request for help *", "* create a request for technical support to assist me *", "* raise a ticket with the technical support *", "* initiate a request on my behalf *", "* create a support ticket for me *", "* escalate my issue to the technical support *", "* initiate a request to the technical support *", "* i would like to open a ticket *", "* reach out to the technical support *", "* generating a ticket for technical support *", "* create a ticket with the technical support *", "* initiate a ticket for technical support *", "* file a ticket with the technical support *", "* create a ticket for technical support *", "* help from technical support *", "* opening a ticket for technical support *", "* raise a ticket with the technical support *", "* create a support request *", "* can I create a support ticket *" ],
    "priority" : 0
  }, {
    "path" : "/GPT",
    "description" : "About company; Our values; Our services; Working days; Working hours; Company email; Company telephone number;",
    "enabled" : true,
    "shared" : false,
    "phrases" : [ {
      "text" : "working hours"
    }, {
      "text" : "tell a joke"
    }, {
      "text" : "email"
    }, {
      "text" : "working days"
    }, {
      "text" : "company email"
    }, {
      "text" : "contact number"
    }, {
      "text" : "telephone number"
    }, {
      "text" : "laird's services"
    }, {
      "text" : "company services"
    }, {
      "text" : "tell about laird"
    }, {
      "text" : "what about company"
    }, {
      "text" : "company values"
    }, {
      "text" : "laird's values"
    }, {
      "text" : "what is laird"
    }, {
      "text" : "What is the history and background of Laird Company?"
    }, {
      "text" : "What are the core values that Laird Company upholds?"
    }, {
      "text" : "How does Laird Company prioritize customer satisfaction?"
    }, {
      "text" : "Can you provide information on Laird Company's commitment to quality and innovation?"
    }, {
      "text" : "How does Laird Company foster a culture of diversity and inclusion?"
    }, {
      "text" : "What steps does Laird Company take to ensure ethical business practices?"
    }, {
      "text" : "Can you explain Laird Company's approach to corporate social responsibility?"
    }, {
      "text" : "How does Laird Company maintain a safe and healthy work environment for employees?"
    }, {
      "text" : "What initiatives does Laird Company have in place to minimize its ecological footprint?"
    }, {
      "text" : "How does Laird Company promote teamwork and collaboration among its employees?"
    }, {
      "text" : "Can you highlight any community engagement or philanthropic efforts by Laird Company?"
    }, {
      "text" : "What is the company's vision for the future?"
    }, {
      "text" : "How does Laird Company encourage employee growth and development?"
    }, {
      "text" : "Can you explain Laird Company's approach to fostering innovation and creativity?"
    }, {
      "text" : "What measures does Laird Company take to ensure customer privacy and data security?"
    }, {
      "text" : "Can you provide examples of Laird Company's commitment to employee well-being?"
    }, {
      "text" : "How does Laird Company contribute to the local economy and job creation?"
    }, {
      "text" : "What are some notable achievements or awards received by Laird Company?"
    }, {
      "text" : "How does Laird Company differentiate itself from competitors in the industry?"
    }, {
      "text" : "What is Laird company's mission and how does it align with its overall goals and objectives?"
    }, {
      "text" : "How does Laird company differentiate itself from its competitors within its industry?"
    }, {
      "text" : "How does Laird company prioritize and implement sustainable practices in its operations and products/services?"
    }, {
      "text" : "What steps does Laird company take to ensure continuous innovation and staying ahead of market trends?"
    }, {
      "text" : "How does Laird company contribute to the local community and engage in corporate social responsibility initiatives?"
    }, {
      "text" : "what are the core values of the company"
    }, {
      "text" : "what are the core values of laird"
    }, {
      "text" : "could you please provide me with the opening hours of the company"
    }, {
      "text" : "could you please provide me with the opening hours of laird"
    }, {
      "text" : "can you give me the address of the company"
    }, {
      "text" : "can you give me the address of laird"
    }, {
      "text" : "i'm interested in learning more about the company's mission and vision"
    }, {
      "text" : "i'm interested in learning more about laird's mission and vision"
    }, {
      "text" : "what is the company's main focus or area of expertise"
    }, {
      "text" : "could you tell me about any notable achievements or awards received by the company"
    }, {
      "text" : "could you tell me about any notable achievements or awards received by laird"
    }, {
      "text" : "can you provide information about the company's organizational structure or team"
    }, {
      "text" : "can you provide information about laird's organizational structure or team"
    }, {
      "text" : "i would like to know more about the company's brand identity or reputation"
    }, {
      "text" : "i would like to know more about laird's brand identity or reputation."
    }, {
      "text" : "what is the company's approach to customer service or client satisfaction"
    }, {
      "text" : "what is laird's approach to customer service or client satisfaction"
    }, {
      "text" : "can you provide information about the services offered by the company"
    }, {
      "text" : "can you provide information about the services offered by laird"
    }, {
      "text" : "i'm interested in knowing the range of services provided by the company could you please provide more details"
    }, {
      "text" : "i'm interested in knowing the range of services provided by laird could you please provide more details"
    }, {
      "text" : "could you please give me an overview of the services that the company offers"
    }, {
      "text" : "could you please give me an overview of the services that laird offers"
    }, {
      "text" : "i would like to know what specific services are provided by the company"
    }, {
      "text" : "i would like to know what specific services are provided by laird"
    }, {
      "text" : "can you provide a list of the services that the company specializes in"
    }, {
      "text" : "can you provide a list of the services that laird specializes in"
    }, {
      "text" : "what types of services does the company offer to its clients"
    }, {
      "text" : "what types of services does laird offer to its clients"
    }, {
      "text" : "i'm curious about the specific service offerings of the company could you provide more information"
    }, {
      "text" : "i'm curious about the specific service offerings of laird could you provide more information"
    }, {
      "text" : "could you please share some details about the various services provided by the company"
    }, {
      "text" : "could you please share some details about the various services provided by laird"
    }, {
      "text" : "what are the main service categories that the company operates in"
    }, {
      "text" : "what are the main service categories that laird operates in"
    }, {
      "text" : "i would appreciate it if you could provide me with information about the company's service portfolio"
    }, {
      "text" : "i would appreciate it if you could provide me with information about laird's service portfolio"
    }, {
      "text" : "what are the working days for the company"
    }, {
      "text" : "what are the working days for laird"
    }, {
      "text" : "could you please provide information on the company's business days"
    }, {
      "text" : "could you please provide information on laird's business days"
    }, {
      "text" : "can you tell me which days of the week the company operates"
    }, {
      "text" : "can you tell me which days of the week laird operates"
    }, {
      "text" : "i'm curious to know the working schedule or days of operation for the company"
    }, {
      "text" : "i'm curious to know the working schedule or days of operation for laird"
    }, {
      "text" : "what is the regular schedule of working days for the company"
    }, {
      "text" : "what is the regular schedule of working days for laird"
    }, {
      "text" : "what are the company's operating hours"
    }, {
      "text" : "what are laird's operating hours"
    }, {
      "text" : "could you please provide information about the company's work hours"
    }, {
      "text" : "could you please provide information about laird's work hours"
    }, {
      "text" : "can you tell me the typical daily working hours for the company"
    }, {
      "text" : "can you tell me the typical daily working hours for laird"
    }, {
      "text" : "i'm interested in knowing the business hours or daily schedule of the company"
    }, {
      "text" : "i'm interested in knowing the business hours or daily schedule of laird"
    }, {
      "text" : "what are the specific times during which the company is open for business"
    }, {
      "text" : "what are the specific times during which laird is open for business"
    }, {
      "text" : "can you provide me with the company's email address"
    }, {
      "text" : "can you provide me with laird's email address"
    }, {
      "text" : "i would like to know the email contact for the company if possible"
    }, {
      "text" : "i would like to know the email contact for laird if possible"
    }, {
      "text" : "could you please share the email address that can be used to contact the company"
    }, {
      "text" : "could you please share the email address that can be used to contact laird"
    }, {
      "text" : "what is the official email address for reaching out to the company"
    }, {
      "text" : "what is the official email address for reaching out to laird"
    }, {
      "text" : "i'm looking for the company's email contact information"
    }, {
      "text" : "i'm looking for laird's email contact information"
    }, {
      "text" : "can you provide me with the company's telephone number"
    }, {
      "text" : "can you provide me with laird's telephone number"
    }, {
      "text" : "what is the contact number for the company"
    }, {
      "text" : "what is the contact number for laird"
    }, {
      "text" : "could you please share the phone number to reach the company"
    }, {
      "text" : "could you please share the phone number to reach laird"
    }, {
      "text" : "i'm interested in obtaining the company's official telephone contact details"
    }, {
      "text" : "i'm interested in obtaining laird's official telephone contact details"
    }, {
      "text" : "what is the main phone number for contacting the company"
    }, {
      "text" : "what is the main phone number for contacting laird"
    }, {
      "text" : "company values"
    }, {
      "text" : "laird values"
    }, {
      "text" : "layerd values"
    }, {
      "text" : " What are your opening times"
    }, {
      "text" : "What is the best e-mail to contact you on"
    }, {
      "text" : "how can i contact you via email"
    } ],
    "classificationRules" : {
      "refs" : [ ]
    },
    "patterns" : [ "* working hours *", "* tell a joke *", "* working days *", "* [company] email *", "* (contact | telephone | phone) number *", "* (laird's | company) services *", "* tell [me] about [laird | the company] *", "* what about the company *", "*  what is laird*", "* (laird's | company) values *", "* (history | background) of (laird | the company) *", "* the core values that (laird | the company) upholds *", "* customer satisfaction *", "* commitment to quality and innovation *", "* culture of diversity and inclusion *", "* ensure ethical business practices *", "* corporate social responsibility *", "* work environment for employees *", "* minimize its ecological (footprint  | impact)*", "* teamwork and collaboration *", "* (community engagement | philanthropic efforts) *", "* vision for the future *", "* employee* growth and development *", "* fostering innovation and creativity *", "* customer privacy and data security *", "* commitment to employee well-being *", "* (local economy | job creation) *", "* (achievements | awards) * (laird | company) *", "* differentiate itself from competitors in the industry *", "* company's mission *", "* differentiate itself from its competitors within its industry *", "* sustainable practices [in its operations and (products | services)] *", "* (ensure continuous innovation | staying ahead of market trends) *", "* contribute to the local community *", "* engage in corporate social responsibility initiatives *", "* the core values of (the company | laird) *", "* opening hours of (the company | laird) *", "* address of (the company | laird) *", "* learn* more about (the company's | laird's) mission and vision *", "*  (main focus | area of expertise) *", "* notable achievements or awards received by the company *", "* notable achievements or awards received by laird *", "* information about [the company's | laird's] (organizational structure | team) *", "* (brand identity | reputation) *", "* (customer service | client satisfaction) *", "* services (offered by | of) [the company | laird] *", "* the range of services provided by [the company | laird] *", "* an overview of the services that [the company | laird] offers *", "* what specific services are provided *", "* a list of the services *", "* what types of services *", "* specific service offerings of [the company | laird] *", "* various services provided by [the company | laird] *", "* main service categories *", "* information about [the company's | laird's] service portfolio *", "* working days *", "* business days *", "* which days of the week [the company | laird] operates *", "* (working schedule | days of operation) *", "* regular schedule of working days *", "* operating hours *", "* work hours *", "* telephone contact details *", "* email contact information *", "* email address *", "* email contact *", "* specific times during which [laird | the company] is open for business *", "* (business hours | daily schedule) of [laird | the company] *", "* typical daily working hours for [laird | the company] *", "* information about [laird's | the company's] work hours *", "(what / which) service* (does / is) * provid*", "* e-mail address *", "* e-mail to reach on *", "* e-mail *", "* opening time *" ],
    "priority" : 0
  }, {
    "path" : "/repeat",
    "enabled" : true,
    "shared" : false,
    "phrases" : [ {
      "text" : "repeat"
    }, {
      "text" : "reiterate "
    }, {
      "text" : " say it again"
    }, {
      "text" : "one more time"
    }, {
      "text" : "retell"
    }, {
      "text" : "didn't hear"
    }, {
      "text" : "did not hear"
    }, {
      "text" : "got distracted"
    }, {
      "text" : "redo"
    }, {
      "text" : "say once more"
    }, {
      "text" : "tell me again"
    }, {
      "text" : "didn't catch "
    }, {
      "text" : "rephrase"
    }, {
      "text" : "come again sorry"
    }, {
      "text" : "I didn't quite catch that"
    }, {
      "text" : " repeat what you just said, please"
    }, {
      "text" : "I missed what you said"
    }, {
      "text" : "I didn't quite hear what you just mentioned"
    }, {
      "text" : " please say it again"
    }, {
      "text" : "would you mind repeating what you just said"
    }, {
      "text" : "kindly repeat it for me"
    }, {
      "text" : " I didn't really grasp"
    }, {
      "text" : "say again"
    }, {
      "text" : "just to confirm"
    }, {
      "text" : "i want to reiterate that"
    }, {
      "text" : "if i understood correctly"
    }, {
      "text" : "could you please verify"
    }, {
      "text" : "to recap"
    }, {
      "text" : "i would like to double-check that"
    }, {
      "text" : "could you please remind me"
    }, {
      "text" : "i'm sorry but i didn't catch the answer could you kindly repeat"
    }, {
      "text" : "i'm not sure if i heard correctly could you restate"
    }, {
      "text" : "apologies for asking again but i didn't quite get the response to"
    }, {
      "text" : "pardon me but i'd appreciate it if you could clarify"
    } ],
    "classificationRules" : {
      "refs" : [ ]
    },
    "patterns" : [ "* (say (that / it) (one more time / again) / come again / retell / repeat / run it by me) *", "* didn't [actually / really / fully / quite] (understand / follow / get / heard / catch) (the (first / last) (bit / part) / that / the answer /  the (general / whole) (thing / idea / sense)) *", "* (misheard / missed) (the beggining / something / the ending / what you * said) *", "*  didn't hear you (well / fully / in all accuracy / clearly) *", " * I need you to (go [all] over again / repeat) (it / that)  *", "* go over that (one more time / once more / [over] again) *", "* I'm having (trouble* / issue* / difficult*) hearing you * ", " [sorry [to interrupt / interfere] / [my] apologies / I apologize [but]] I need to ask for a repeat *", "Would you mind repeating *", "It's a bit (of a mouthful / unclear) *ould you (repeat / say) (that / it) [all over] again [please]", "I need to ask for a repetition *", "* if I understood (right / correctly) *", " ([I] (was / got) a [little] (tad / bit) (sidetracked / preoccupied unfocused / off track / spaced out / distracted) [here / there] / my mind [has / just] (drifted / wandered) [off] [for a *] /  [I] [think I] missed (it / that) /  [I] zoned out for a * / my attention [has / just] slipped   /  lost (focus / track) for a *  /   I wasn't paying full attention) (repeat / say / retell / go [all] over / come again) [please / pray]" ],
    "priority" : 0
  }, {
    "path" : "/no/no_personal_data",
    "enabled" : true,
    "shared" : false,
    "phrases" : [ {
      "text" : "No private information"
    }, {
      "text" : "No personal details"
    }, {
      "text" : "Nothing identifying"
    }, {
      "text" : "Free of personal data"
    }, {
      "text" : "Devoid of personal information"
    }, {
      "text" : "Lacking sensitive data"
    }, {
      "text" : "Void of personal identifiers"
    }, {
      "text" : "Without private details"
    }, {
      "text" : "Absent of personally identifiable information"
    }, {
      "text" : "Bereft of personal records"
    }, {
      "text" : "Empty of personal particulars"
    }, {
      "text" : "Unpopulated with personal data"
    }, {
      "text" : "Clean of private information"
    }, {
      "text" : "Clear of personal identifiers"
    }, {
      "text" : "Exclusion of personal data"
    }, {
      "text" : "Nonexistence of personal details"
    }, {
      "text" : "Non-inclusion of private data"
    } ],
    "classificationRules" : {
      "refs" : [ ]
    },
    "patterns" : [ "(no | clea* | empty | free | exlusion) [of] (personal | private | sensitive) (details | info* | data | secrets) *" ],
    "priority" : 0
  }, {
    "path" : "/sendReport",
    "enabled" : true,
    "shared" : false,
    "phrases" : [ {
      "text" : "send my report"
    }, {
      "text" : "send my report by email"
    }, {
      "text" : "send me my report by email"
    }, {
      "text" : "Please forward my report to me."
    }, {
      "text" : "Can you email me my report?"
    }, {
      "text" : "I would like you to send my report over."
    }, {
      "text" : "I need my report to be delivered to me."
    }, {
      "text" : "Kindly transmit my report to my email address."
    }, {
      "text" : "Please share my report with me."
    }, {
      "text" : "Could you dispatch my report to me?"
    }, {
      "text" : "I request that you mail me my report."
    }, {
      "text" : "Can you forward my report to my inbox?"
    }, {
      "text" : "I'm requesting the delivery of my report."
    }, {
      "text" : "Please transfer my report to my email."
    }, {
      "text" : "Can you send over my report, please?"
    }, {
      "text" : "I would appreciate if you could transmit my report to me."
    }, {
      "text" : "I request that you send me my report"
    }, {
      "text" : "Can you please email my report to me?"
    }, {
      "text" : "Please ensure my report reaches me."
    }, {
      "text" : "Kindly pass on my report to me."
    }, {
      "text" : "Could you please dispatch my report?"
    }, {
      "text" : "I'm asking for my report to be sent to me."
    }, {
      "text" : "Please send my report to my inbox."
    } ],
    "classificationRules" : {
      "refs" : [ ]
    },
    "patterns" : [ "* (dispatch / pass on / email / send / forward / transmit) [my] report to me [(via / by) *mail]", "* (dispatch / pass on / email / send / forward / transmit) [me] my report [(by / via / to) [my] (inbox / *mail) [adress]]", "* report to be (sent / delivered / dispatched / passed on / emailed  / forwarded / transmitted) (for / to) (me [(via / by) *mail] / my (email / inbox) [address])", "* (make sure / ensure) (the / this / my) report reaches me", "* (dispatch* / *mail* / pass* on / shar* with / *send* / forward* / transmit*)  [me] (the (full / comprehensive / complete / entire / detailed) / my) report *" ],
    "priority" : 0
  }, {
    "path" : "/sameVehicle",
    "enabled" : true,
    "shared" : false,
    "phrases" : [ {
      "text" : "same"
    }, {
      "text" : "the same"
    }, {
      "text" : "same vehicle"
    }, {
      "text" : "same auto"
    }, {
      "text" : "identical automobile"
    }, {
      "text" : "matching car"
    }, {
      "text" : "unchanged vehicle"
    }, {
      "text" : "the very same auto"
    }, {
      "text" : "similar auto"
    }, {
      "text" : "same car"
    } ],
    "classificationRules" : {
      "refs" : [ ]
    },
    "patterns" : [ "[just] [the / this] (identical / authentic / similar / same) (auto / car / vehicle / cart)", "(that / the) very same [old] (car / cart / vehicle / auto / banger / wheels)", "{unchanged vehicle}", "matching car" ],
    "priority" : 0
  }, {
    "path" : "/anotherVehicle",
    "enabled" : true,
    "shared" : false,
    "phrases" : [ {
      "text" : "another"
    }, {
      "text" : "other"
    }, {
      "text" : "another auto"
    }, {
      "text" : "another vehicle"
    }, {
      "text" : "not the same"
    }, {
      "text" : "different auto"
    }, {
      "text" : "different transport"
    }, {
      "text" : "other car"
    }, {
      "text" : "different car"
    }, {
      "text" : "different vehicle"
    }, {
      "text" : "Uh, for a different vehicle."
    }, {
      "text" : "No, not the vehicle."
    }, {
      "text" : "another one"
    }, {
      "text" : "no another one"
    } ],
    "classificationRules" : {
      "refs" : [ ]
    },
    "patterns" : [ "* another (auto* | vehicle | car | transport | one) *", "* other (auto* | vehicle | car | transport | one) *", "* not the same (auto* | vehicle | car | transport | one) *", "* different (auto* | vehicle | car | transport | one) *", "(another [one] | other [one] | different [one] | not the same [one])", "* (another | other | different | not the same) [plate] number *", "not the (car / auto / machine / wheels / vehicle)" ],
    "priority" : 0
  } ],
  "entities" : [ {
    "entity" : {
      "name" : "specialSymbols",
      "enabled" : false,
      "shared" : false,
      "type" : "annotation",
      "priority" : 1,
      "noSpelling" : true,
      "noMorph" : false,
      "phoneticSearch" : false,
      "fuzzySearch" : false,
      "client" : false,
      "hidden" : false
    },
    "records" : [ {
      "type" : "pattern",
      "rule" : [ "(exclamation mark | exclamation point | bang symbol | not sign | pling symbol)" ],
      "value" : "{\nvalue: '!'\n}"
    }, {
      "type" : "pattern",
      "rule" : [ "(number sign | hash | pound sign | octothorpe | sharp | crosshatch | grid | tic tac toe | comment symbol | hash tag)" ],
      "value" : "{\nvalue: '#'\n}"
    }, {
      "type" : "pattern",
      "rule" : [ "(dollar | dollar sign | us dollar | usd symbol | greenbanck symbol | buck symbol | american dollar | american dollar sign | currency symbol of us dollar)" ],
      "value" : "{\nvalue: '$'\n}"
    }, {
      "type" : "pattern",
      "rule" : [ "(ampersand | and sign | and symbol | and | et symbol | trema | per se and | epershand)" ],
      "value" : "{\nvalue: '&'\n}"
    }, {
      "type" : "pattern",
      "rule" : [ "(percent | percent symbol | percentage | percentage symbol | modulo symbol | modulus symbol | percent mark | per mil symbol | per mile symbol | per cent symbol | parts per hundred symbol)" ],
      "value" : "{\nvalue: '%'\n}"
    }, {
      "type" : "pattern",
      "rule" : [ "(plus | plus sign | additional symbol | positive sign | cross sign | additional sign | plus symbol | sum sign | add symbol | additional mark | positive operator)" ],
      "value" : "{\nvalue: '+'\n}"
    }, {
      "type" : "pattern",
      "rule" : [ "(hyphen | minus sign | dash | subtract sign | connector | horizontal line | en dash | em dash | negative sign) " ],
      "value" : "{\nvalue: '-'\n}"
    }, {
      "type" : "pattern",
      "rule" : [ "(forward slash | slash | solidus | virgule | oblique | diagonal | stroke | divide sign | fraction bar | solidus stroke)" ],
      "value" : "{\nvalue: '/'\n}"
    }, {
      "type" : "pattern",
      "rule" : [ "(question mark | question | question sign | question symbol | interrogation mark | enquiry mark | query mark | inquiry mark)" ],
      "value" : "{\nvalue: '?'\n}"
    }, {
      "type" : "pattern",
      "rule" : [ "(caret | hat | circumflex | chevron | pointing up | up arrow | roof | control key)" ],
      "value" : "{\nvalue: '^'\n}"
    }, {
      "type" : "pattern",
      "rule" : [ "(underscore | low line | undergap | underbar | underdash | bottomline | space underscore | snakebite | low stroke)" ],
      "value" : "{\nvalue: '_'\n}"
    }, {
      "type" : "pattern",
      "rule" : [ "(vertical bar | pipe | vertical line | broken bar | sheffer stroke | stick | vertical slash | obelus | divider)" ],
      "value" : "{\nvalue: '|'\n}"
    }, {
      "type" : "pattern",
      "rule" : [ "(tilde | squiggle | swung dash | wavy line | approximate sign | tildet | twiddle | curly dash)" ],
      "value" : "{\nvalue: '~'\n}"
    }, {
      "type" : "pattern",
      "rule" : [ "(dot | period | period sign | point | point sign | full stop)" ],
      "value" : "{\nvalue: '.'\n}"
    }, {
      "type" : "pattern",
      "rule" : [ "(at symbol | at sign | commercial at | ampersat | at mark | at character | at)" ],
      "value" : "{\nvalue: '@'\n}"
    }, {
      "type" : "pattern",
      "rule" : [ "(single quote | apostrophe | prime | closed single quotation mark | opening single quotation mark | quotation mark)" ],
      "value" : "{\nvalue: \"'\""
    }, {
      "type" : "pattern",
      "rule" : [ "(asterisk | star | wildcard | multiplication sign)" ],
      "value" : "{\nvalue: '*'\n}"
    }, {
      "type" : "pattern",
      "rule" : [ "(equal | equals sign | equal sign | equality sign | equals to sign | equals symbol | equal symbol | equals operator | equals mark)" ],
      "value" : "{\nvalue: '='\n}"
    }, {
      "type" : "pattern",
      "rule" : [ "(grave accent | backtick | left single quotation mark)" ],
      "value" : "{\nvalue: '`'\n}"
    }, {
      "type" : "pattern",
      "rule" : [ "(open curly bracket | left brace | left curly bracket | opening brace | opening curly bracket)" ],
      "value" : "{\nvalue: '{'\n}"
    }, {
      "type" : "pattern",
      "rule" : [ "(right curly bracket | closing curly bracket | right brace | right curly brace | right brace character | closing brace | end brace | right squiggly bracket | end curly bracket)" ],
      "value" : "{\nvalue: '}'\n}"
    } ]
  } ],
  "enabledSystemEntities" : [ "duckling.number", "duckling.time", "duckling.date", "duckling.duration", "duckling.phone-number", "duckling.email", "duckling.url" ],
  "spellerDictionary" : [ ],
  "systemEntities" : [ {
    "name" : "duckling.number",
    "version" : "v2",
    "enabled" : true
  }, {
    "name" : "duckling.ordinal",
    "version" : "v2",
    "enabled" : false
  }, {
    "name" : "duckling.amount-of-money",
    "version" : "v2",
    "enabled" : false
  }, {
    "name" : "duckling.distance",
    "version" : "v2",
    "enabled" : false
  }, {
    "name" : "duckling.quantity",
    "version" : "v2",
    "enabled" : false
  }, {
    "name" : "duckling.temperature",
    "version" : "v2",
    "enabled" : false
  }, {
    "name" : "duckling.volume",
    "version" : "v2",
    "enabled" : false
  }, {
    "name" : "duckling.time",
    "version" : "v2",
    "enabled" : true
  }, {
    "name" : "duckling.date",
    "version" : "v2",
    "enabled" : true
  }, {
    "name" : "duckling.time-of-day",
    "version" : "v2",
    "enabled" : false
  }, {
    "name" : "duckling.duration",
    "version" : "v2",
    "enabled" : true
  }, {
    "name" : "duckling.phone-number",
    "version" : "v2",
    "enabled" : true
  }, {
    "name" : "duckling.email",
    "version" : "v2",
    "enabled" : true
  }, {
    "name" : "duckling.url",
    "version" : "v2",
    "enabled" : true
  }, {
    "name" : "duckling.interval",
    "version" : "v2",
    "enabled" : false
  } ],
  "faq" : [ ],
  "skills" : [ ]
}